{
  "project_info": {
    "project_number": "232475954843",
    "project_id": "flutter-firebase-auth-36602",
    "storage_bucket": "flutter-firebase-auth-36602.appspot.com"
  },
  "client": [
    {
      "client_info": {
        "mobilesdk_app_id": "1:232475954843:android:4f7fbb2705f4480354803e",
        "android_client_info": {
          "package_name": "alfinabalqis.newsapp"
        }
      },
      "oauth_client": [
        {
          "client_id": "232475954843-v7v1uhciq12t9fhtvj68tce9uhunquqb.apps.googleusercontent.com",
          "client_type": 3
        }
      ],
      "api_key": [
        {
          "current_key": "AIzaSyAD_DJ5aYRVfGpPb0uy_Yfi6eYBKL47y8Y"
        }
      ],
      "services": {
        "appinvite_service": {
          "other_platform_oauth_client": [
            {
              "client_id": "232475954843-v7v1uhciq12t9fhtvj68tce9uhunquqb.apps.googleusercontent.com",
              "client_type": 3
            }
          ]
        }
      }
    }
  ],
  "configuration_version": "1"
}